No of Clusters,Squared Error within Clusters,,,,
2,2085.656771,,,,
3,1644.038128,,,,
4,1440.410281,,,,
5,1356.683112,,,Optimal K,4
6,1288.464914,,,,
7,1257.305657,,,,
8,1225.574031,,,,
9,1174.878636,,,,
10,1164.79553,,,,